{
  "state": {
    "isStdOutTTY": true,
    "isStdErrTTY": true,
    "testRunDurationMs": 843594.6328
  },
  "metrics": {
    "http_req_duration": {
      "type": "trend",
      "contains": "time",
      "values": {
        "avg": 12.960352027542188,
        "min": 0,
        "med": 5.9367,
        "max": 8936.7879,
        "p(90)": 19.43197999999998,
        "p(95)": 33.208579999999884
      }
    },
    "register_failed": {
      "type": "rate",
      "contains": "default",
      "values": {
        "rate": 0.045551082622119515,
        "passes": 314145,
        "fails": 6582398
      },
      "thresholds": {
        "rate<0.01": {
          "ok": false
        }
      }
    },
    "http_req_receiving": {
      "contains": "time",
      "values": {
        "p(90)": 0,
        "p(95)": 0.8206,
        "avg": 0.1383696480396055,
        "min": 0,
        "med": 0,
        "max": 809.6975
      },
      "type": "trend"
    },
    "http_req_duration{status:200}": {
      "thresholds": {
        "p(95)<300": {
          "ok": true
        },
        "p(99)<800": {
          "ok": true
        }
      },
      "type": "trend",
      "contains": "time",
      "values": {
        "p(90)": 19.3986,
        "p(95)": 33.08346999999993,
        "avg": 12.187975008395489,
        "min": 0,
        "med": 5.9336,
        "max": 2660.7636
      }
    },
    "data_received": {
      "contains": "data",
      "values": {
        "count": 816759072,
        "rate": 968189.0332671638
      },
      "type": "counter"
    },
    "register_duration": {
      "values": {
        "max": 8936.7879,
        "p(90)": 19.43197999999998,
        "p(95)": 33.208579999999884,
        "avg": 12.960352027542179,
        "min": 0,
        "med": 5.9367
      },
      "type": "trend",
      "contains": "default"
    },
    "checks": {
      "values": {
        "fails": 315984,
        "rate": 0.9770911310202808,
        "passes": 13477102
      },
      "type": "rate",
      "contains": "default"
    },
    "http_req_duration{expected_response:true}": {
      "values": {
        "avg": 12.187975008395489,
        "min": 0,
        "med": 5.9336,
        "max": 2660.7636,
        "p(90)": 19.3986,
        "p(95)": 33.08346999999993
      },
      "type": "trend",
      "contains": "time"
    },
    "http_req_tls_handshaking": {
      "type": "trend",
      "contains": "time",
      "values": {
        "p(90)": 0,
        "p(95)": 0,
        "avg": 0,
        "min": 0,
        "med": 0,
        "max": 0
      }
    },
    "http_req_sending": {
      "contains": "time",
      "values": {
        "max": 5022.8919,
        "p(90)": 0,
        "p(95)": 0,
        "avg": 0.0915661930332347,
        "min": 0,
        "med": 0
      },
      "type": "trend"
    },
    "iterations": {
      "type": "counter",
      "contains": "default",
      "values": {
        "count": 6896543,
        "rate": 8175.185962373278
      }
    },
    "vus": {
      "type": "gauge",
      "contains": "default",
      "values": {
        "value": 27,
        "min": 1,
        "max": 200
      }
    },
    "http_req_connecting": {
      "type": "trend",
      "contains": "time",
      "values": {
        "avg": 0.06878635543923929,
        "min": 0,
        "med": 0,
        "max": 2290.897,
        "p(90)": 0,
        "p(95)": 0
      }
    },
    "status_count": {
      "type": "counter",
      "contains": "default",
      "values": {
        "count": 6896543,
        "rate": 8175.185962373278
      }
    },
    "http_reqs": {
      "type": "counter",
      "contains": "default",
      "values": {
        "count": 6896543,
        "rate": 8175.185962373278
      }
    },
    "iteration_duration": {
      "type": "trend",
      "contains": "time",
      "values": {
        "min": 0,
        "med": 9.0517,
        "max": 21877.794,
        "p(90)": 36.1069,
        "p(95)": 59.512789999999946,
        "avg": 20.580639538114696
      }
    },
    "http_req_failed": {
      "thresholds": {
        "rate<0.01": {
          "ok": true
        }
      },
      "type": "rate",
      "contains": "default",
      "values": {
        "rate": 0.0002666553373190017,
        "passes": 1839,
        "fails": 6894704
      }
    },
    "data_sent": {
      "type": "counter",
      "contains": "data",
      "values": {
        "count": 1394420251,
        "rate": 1652950.595918016
      }
    },
    "vus_max": {
      "type": "gauge",
      "contains": "default",
      "values": {
        "value": 200,
        "min": 200,
        "max": 200
      }
    },
    "http_req_blocked": {
      "type": "trend",
      "contains": "time",
      "values": {
        "min": 0,
        "med": 0,
        "max": 1943.072,
        "p(90)": 0,
        "p(95)": 0,
        "avg": 0.09644339880139853
      }
    },
    "http_req_waiting": {
      "type": "trend",
      "contains": "time",
      "values": {
        "med": 5.7173,
        "max": 8936.7879,
        "p(90)": 19.0164,
        "p(95)": 32.643589999999946,
        "avg": 12.730416186469878,
        "min": 0
      }
    }
  },
  "root_group": {
    "groups": [],
    "checks": [
        {
          "path": "::status 200",
          "id": "fad9fa412b86fcb03bee97c80dcd61f1",
          "passes": 6894704,
          "fails": 1839,
          "name": "status 200"
        },
        {
          "fails": 314145,
          "name": "body VALID",
          "path": "::body VALID",
          "id": "a56c51bc8c4423d91b67072ea17e49f8",
          "passes": 6582398
        }
      ],
    "name": "",
    "path": "",
    "id": "d41d8cd98f00b204e9800998ecf8427e"
  },
  "options": {
    "summaryTrendStats": [
      "avg",
      "min",
      "med",
      "max",
      "p(90)",
      "p(95)"
    ],
    "summaryTimeUnit": "",
    "noColor": false
  }
}